Model;Scenario;Region;Variable;Unit;Dpe_Avant;2021;2022;2023;2024;2025;2026;2027;2028;2029;2030;2031;2032;2033;2034;2035;2036;2037;2038;2039;2040;2041;2042;2043;2044;2045;2046;2047;2048;2049;2050;2051
CSTB;HRS_normal_HDS;France;Collective_dwelling;Surface in m2;A;61106378.0;61106378.0;61106378.0;61280214.0;61280214.0;61280214.0;64131396.0;64131396.0;64131396.0;64131396.0;95832674.0;95832674.0;95832674.0;95832674.0;111488932.27156055;167472461.72843936;222347443.02910155;252259435.0;252259435.0;252259435.0;276462601.7457818;303712711.005519;324723950.96355987;340289460.36359227;351368528.01321775;358945074.8288497;363923220.8192405;367065842.9679201;368971939.6529863;370082714.16506445;370704634.9999995
CSTB;HRS_normal_HDS;France;Collective_dwelling;Surface in m2;B;144805010.0;144805010.0;144805010.0;145138203.0;145138203.0;145138203.0;148443174.0;148443174.0;148443174.0;148443174.0;149927144.30874035;183884983.0;183884983.0;183884983.0;183884983.0;183884983.0;183884983.0;205652302.19916406;252413676.68416035;293066062.69125944;278615456.2542182;251365346.99448103;230354107.03644013;214788597.63640773;203709529.98678222;196132983.1711503;191154837.18075946;188012215.03207982;186106118.34701362;184995343.83493546;184373423.00000042
CSTB;HRS_normal_HDS;France;Collective_dwelling;Surface in m2;C;392983332.83493507;390192510.34701324;388197010.0320794;386931006.1807591;388007555.1711499;391682504.98678184;392703822.6364074;404367735.0364399;421477377.9944808;444825890.2542181;441694772.00000006;444487722.31583965;487347499.80083597;535125213.9708985;554786081.7284396;494900955.2715608;436124376.97089857;380543468.8008361;329880497.31583977;285326514.3087407;271672357.0000001;267770760.00000012;263869163.00000012;259967566.00000012;256065969.00000012;252164372.00000012;248262775.00000012;244361178.00000012;240459581.00000012;236557984.00000012;232656395.00000012
CSTB;HRS_normal_HDS;France;Collective_dwelling;Surface in m2;D;211497043.0;211497043.0;211497043.0;211497043.0;211497043.0;211497043.0;211497043.0;211497043.0;211497043.0;211497043.0;178311794.69125965;137659408.68416044;90898034.19916415;39218723.029101655;0.0;0.0;0.0;0.0;0.0;0.0;0.0;0.0;0.0;0.0;0.0;0.0;0.0;0.0;0.0;0.0;0.0
CSTB;HRS_normal_HDS;France;Collective_dwelling;Surface in m2;E;71762924.0;71762924.0;71762924.0;71762924.0;71762924.0;71762924.0;64597337.36359264;49031827.96356014;28020588.00551924;770478.7457819395;0.0;0.0;0.0;0.0;0.0;0.0;0.0;0.0;0.0;0.0;0.0;0.0;0.0;0.0;0.0;0.0;0.0;0.0;0.0;0.0;0.0
CSTB;HRS_normal_HDS;France;Collective_dwelling;Surface in m2;F;19402602.0;19402602.0;19402602.0;16468173.819240946;11490027.828850087;3913481.0132181365;0.0;0.0;0.0;0.0;0.0;0.0;0.0;0.0;0.0;0.0;0.0;0.0;0.0;0.0;0.0;0.0;0.0;0.0;0.0;0.0;0.0;0.0;0.0;0.0;0.0
CSTB;HRS_normal_HDS;France;Collective_dwelling;Surface in m2;G;3225065.1650649467;2114290.652986767;208193.9679205767;0.0;0.0;0.0;0.0;0.0;0.0;0.0;0.0;0.0;0.0;0.0;0.0;0.0;0.0;0.0;0.0;0.0;0.0;0.0;0.0;0.0;0.0;0.0;0.0;0.0;0.0;0.0;0.0
CSTB;HRS_normal_HDS;France;Individual_dwelling;Surface in m2;A;77203182.0;77203182.0;77203182.0;78431451.0;78431451.0;78431451.0;98265453.0;98265453.0;98265453.0;154614435.31126925;229338989.97498536;261227226.0;261227226.0;261227226.0;351699594.64116806;474899557.35883105;595659997.3661261;709387896.8250251;812293155.7300681;861832300.0;861832300.0;913412706.4757367;959651019.8617543;993905204.9117075;1018286317.2606828;1034959619.109818;1045914759.0656087;1052830559.7539389;1057025204.9078729;1059469627.0406569;1060838254.999999
CSTB;HRS_normal_HDS;France;Individual_dwelling;Surface in m2;B;251820739.0;251820739.0;251820739.0;253051060.0;253051060.0;253051060.0;256857321.08829147;257190828.0;257190828.0;257190828.0;257190828.0;285479757.0;285479757.0;285479757.0;285479757.0;285479757.0;285479757.0;285479757.0;285479757.0;325402147.0250138;400126701.6887299;356933748.5242632;310695435.1382456;276441250.08829236;252060137.73931706;235386835.89018196;224431695.93439126;217515895.24606112;213321250.09212714;210876827.9593431;209508200.000001
CSTB;HRS_normal_HDS;France;Individual_dwelling;Surface in m2;C;1026524381.9593421;1018912887.0921261;1013051615.2460601;1007452908.9343903;1008352131.8901811;1014969516.7393162;1005654449.0000001;1029519210.1382447;1065701606.5242624;1059264567.0000001;1049208650.0000001;1068437102.2699311;1161286444.174974;1264958426.633873;1194718212.358832;1061462332.6411688;930645975.6338738;806862159.1749748;693900983.2699318;594383531.9749861;509603060.31127;491159689.9999999;481103772.9999999;471047855.9999999;460991938.9999999;450936021.9999999;440880104.9999999;430824187.9999999;420768270.9999999;410712353.9999999;400656445.9999999
CSTB;HRS_normal_HDS;France;Individual_dwelling;Surface in m2;D;467456301.0;467456301.0;467456301.0;467456301.0;467456301.0;467456301.0;467456301.0;467456301.0;467456301.0;411107318.6887307;336382764.02501464;246921229.73006895;144015970.82502595;30288071.36612694;0.0;0.0;0.0;0.0;0.0;0.0;0.0;0.0;0.0;0.0;0.0;0.0;0.0;0.0;0.0;0.0;0.0
CSTB;HRS_normal_HDS;France;Individual_dwelling;Surface in m2;E;107751639.0;107751639.0;107751639.0;107751639.0;107751639.0;107751639.0;84111375.91170855;49857190.86175534;3618877.475737743;0.0;0.0;0.0;0.0;0.0;0.0;0.0;0.0;0.0;0.0;0.0;0.0;0.0;0.0;0.0;0.0;0.0;0.0;0.0;0.0;0.0;0.0
CSTB;HRS_normal_HDS;France;Individual_dwelling;Surface in m2;F;32555864.0;32555864.0;32555864.0;28369291.06560975;17414151.109819047;740849.2606839463;0.0;0.0;0.0;0.0;0.0;0.0;0.0;0.0;0.0;0.0;0.0;0.0;0.0;0.0;0.0;0.0;0.0;0.0;0.0;0.0;0.0;0.0;0.0;0.0;0.0
CSTB;HRS_normal_HDS;France;Individual_dwelling;Surface in m2;G;9368295.0406579;6923872.90787386;2729227.7539398996;0.0;0.0;0.0;0.0;0.0;0.0;0.0;0.0;0.0;0.0;0.0;0.0;0.0;0.0;0.0;0.0;0.0;0.0;0.0;0.0;0.0;0.0;0.0;0.0;0.0;0.0;0.0;0.0
CSTB;HRS_normal_HDS;France;Residential_dwelling;Surface in m2;A;138309560.0;138309560.0;138309560.0;139711665.0;139711665.0;139711665.0;162396849.0;162396849.0;162396849.0;218745831.31126925;325171663.97498536;357059900.0;357059900.0;357059900.0;463188526.9127286;642372019.0872704;818007440.3952277;961647331.8250251;1064552590.7300681;1114091735.0;1138294901.745782;1217125417.4812558;1284374970.825314;1334194665.2752998;1369654845.2739005;1393904693.9386678;1409837979.8848493;1419896402.721859;1425997144.5608592;1429552341.2057214;1431542889.9999986
CSTB;HRS_normal_HDS;France;Residential_dwelling;Surface in m2;B;396625749.0;396625749.0;396625749.0;398189263.0;398189263.0;398189263.0;405300495.08829147;405634002.0;405634002.0;405634002.0;407117972.3087404;469364740.0;469364740.0;469364740.0;469364740.0;469364740.0;469364740.0;491132059.19916403;537893433.6841604;618468209.7162733;678742157.9429481;608299095.5187442;541049542.1746857;491229847.7247001;455769667.72609925;431519819.0613322;415586533.1151507;405528110.2781409;399427368.4391408;395872171.79427856;393881623.00000143
CSTB;HRS_normal_HDS;France;Residential_dwelling;Surface in m2;C;1419507714.7942772;1409105397.4391394;1401248625.2781396;1394383915.1151495;1396359687.061331;1406652021.726098;1398358271.6364074;1433886945.1746845;1487178984.5187433;1504090457.254218;1490903422.0000002;1512924824.5857706;1648633943.97581;1800083640.6047716;1749504294.0872715;1556363287.9127297;1366770352.6047723;1187405627.975811;1023781480.5857716;879710046.2837267;781275417.3112701;758930450.0;744972936.0;731015422.0;717057908.0;703100394.0;689142880.0;675185366.0;661227852.0;647270338.0;633312841.0
CSTB;HRS_normal_HDS;France;Residential_dwelling;Surface in m2;D;678953344.0;678953344.0;678953344.0;678953344.0;678953344.0;678953344.0;678953344.0;678953344.0;678953344.0;622604361.6887307;514694558.71627426;384580638.4142294;234914005.0241901;69506794.3952286;0.0;0.0;0.0;0.0;0.0;0.0;0.0;0.0;0.0;0.0;0.0;0.0;0.0;0.0;0.0;0.0;0.0
CSTB;HRS_normal_HDS;France;Residential_dwelling;Surface in m2;E;179514563.0;179514563.0;179514563.0;179514563.0;179514563.0;179514563.0;148708713.2753012;98889018.82531548;31639465.481256984;770478.7457819395;0.0;0.0;0.0;0.0;0.0;0.0;0.0;0.0;0.0;0.0;0.0;0.0;0.0;0.0;0.0;0.0;0.0;0.0;0.0;0.0;0.0
CSTB;HRS_normal_HDS;France;Residential_dwelling;Surface in m2;F;51958466.0;51958466.0;51958466.0;44837464.884850696;28904178.938669134;4654330.273902083;0.0;0.0;0.0;0.0;0.0;0.0;0.0;0.0;0.0;0.0;0.0;0.0;0.0;0.0;0.0;0.0;0.0;0.0;0.0;0.0;0.0;0.0;0.0;0.0;0.0
CSTB;HRS_normal_HDS;France;Residential_dwelling;Surface in m2;G;12593360.205722846;9038163.560860626;2937421.7218604763;0.0;0.0;0.0;0.0;0.0;0.0;0.0;0.0;0.0;0.0;0.0;0.0;0.0;0.0;0.0;0.0;0.0;0.0;0.0;0.0;0.0;0.0;0.0;0.0;0.0;0.0;0.0;0.0
CSTB;HRS_normal_MDS;France;Collective_dwelling;Surface in m2;A;61106378.0;61106378.0;61106378.0;61280214.0;61280214.0;61280214.0;64131396.0;64131396.0;64131396.0;64131396.0;95832674.0;95832674.0;95832674.0;95832674.0;111488932.27156055;167472461.72843936;222347443.02910155;252259435.0;252259435.0;252259435.0;276462601.7457818;303712711.005519;324723950.96355987;340289460.36359227;351368528.01321775;358945074.8288497;363923220.8192405;367065842.9679201;368971939.6529863;370082714.16506445;370704634.9999995
CSTB;HRS_normal_MDS;France;Collective_dwelling;Surface in m2;B;144805010.0;144805010.0;144805010.0;145138203.0;145138203.0;145138203.0;148443174.0;148443174.0;148443174.0;148443174.0;149927144.30874035;183884983.0;183884983.0;183884983.0;183884983.0;183884983.0;183884983.0;205652302.19916406;252413676.68416035;293066062.69125944;278615456.2542182;251365346.99448103;230354107.03644013;214788597.63640773;203709529.98678222;196132983.1711503;191154837.18075946;188012215.03207982;186106118.34701362;184995343.83493546;184373423.00000042
CSTB;HRS_normal_MDS;France;Collective_dwelling;Surface in m2;C;394916809.83493507;394059464.34701324;393997441.0320794;394664914.1807591;397674940.1711499;403283366.98678184;406238161.6364074;419835551.0364399;438878670.9944808;464160660.2542181;462963019.00000006;467689446.31583965;512482700.80083597;562193891.9708985;583788236.7284396;525836587.2715608;468993485.97089857;415346054.8008361;366616560.31583977;323996054.3087407;312275374.0000001;310307254.0000001;308339134.0000001;306371014.0000001;304402894.0000001;302434774.0000001;300466654.0000001;298498534.0000001;296530414.0000001;294562294.0000001;292594174.0000001
CSTB;HRS_normal_MDS;France;Collective_dwelling;Surface in m2;D;211497043.0;211497043.0;211497043.0;211497043.0;211497043.0;211497043.0;211497043.0;211497043.0;211497043.0;211497043.0;178311794.69125965;137659408.68416044;90898034.19916415;39218723.029101655;0.0;0.0;0.0;0.0;0.0;0.0;0.0;0.0;0.0;0.0;0.0;0.0;0.0;0.0;0.0;0.0;0.0
CSTB;HRS_normal_MDS;France;Collective_dwelling;Surface in m2;E;71762924.0;71762924.0;71762924.0;71762924.0;71762924.0;71762924.0;64597337.36359264;49031827.96356014;28020588.00551924;770478.7457819395;0.0;0.0;0.0;0.0;0.0;0.0;0.0;0.0;0.0;0.0;0.0;0.0;0.0;0.0;0.0;0.0;0.0;0.0;0.0;0.0;0.0
CSTB;HRS_normal_MDS;France;Collective_dwelling;Surface in m2;F;19402602.0;19402602.0;19402602.0;16468173.819240946;11490027.828850087;3913481.0132181365;0.0;0.0;0.0;0.0;0.0;0.0;0.0;0.0;0.0;0.0;0.0;0.0;0.0;0.0;0.0;0.0;0.0;0.0;0.0;0.0;0.0;0.0;0.0;0.0;0.0
CSTB;HRS_normal_MDS;France;Collective_dwelling;Surface in m2;G;3225065.1650649467;2114290.652986767;208193.9679205767;0.0;0.0;0.0;0.0;0.0;0.0;0.0;0.0;0.0;0.0;0.0;0.0;0.0;0.0;0.0;0.0;0.0;0.0;0.0;0.0;0.0;0.0;0.0;0.0;0.0;0.0;0.0;0.0
CSTB;HRS_normal_MDS;France;Individual_dwelling;Surface in m2;A;77203182.0;77203182.0;77203182.0;78431451.0;78431451.0;78431451.0;98265453.0;98265453.0;98265453.0;154614435.31126925;229338989.97498536;261227226.0;261227226.0;261227226.0;351699594.64116806;474899557.35883105;595659997.3661261;709387896.8250251;812293155.7300681;861832300.0;861832300.0;913412706.4757367;959651019.8617543;993905204.9117075;1018286317.2606828;1034959619.109818;1045914759.0656087;1052830559.7539389;1057025204.9078729;1059469627.0406569;1060838254.999999
CSTB;HRS_normal_MDS;France;Individual_dwelling;Surface in m2;B;251820739.0;251820739.0;251820739.0;253051060.0;253051060.0;253051060.0;256857321.08829147;257190828.0;257190828.0;257190828.0;257190828.0;285479757.0;285479757.0;285479757.0;285479757.0;285479757.0;285479757.0;285479757.0;285479757.0;325402147.0250138;400126701.6887299;356933748.5242632;310695435.1382456;276441250.08829236;252060137.73931706;235386835.89018196;224431695.93439126;217515895.24606112;213321250.09212714;210876827.9593431;209508200.000001
CSTB;HRS_normal_MDS;France;Individual_dwelling;Surface in m2;C;1031531977.9593421;1028928079.0921261;1028074403.2460601;1027483292.9343903;1033390111.8901811;1045015092.7393162;1040707621.0000001;1069579978.1382449;1110769970.5242624;1109340527.0000002;1104292206.0000002;1128528254.2699313;1226385192.1749744;1335064770.6338735;1269832152.3588324;1141583868.6411693;1015775107.6338743;896998887.1749753;789045307.2699323;694535451.9749866;614762576.3112705;601326802.0000004;596278481.0000004;591230160.0000004;586181839.0000004;581133518.0000004;576085197.0000004;571036876.0000004;565988555.0000004;560940234.0000004;555891913.0000004
CSTB;HRS_normal_MDS;France;Individual_dwelling;Surface in m2;D;467456301.0;467456301.0;467456301.0;467456301.0;467456301.0;467456301.0;467456301.0;467456301.0;467456301.0;411107318.6887307;336382764.02501464;246921229.73006895;144015970.82502595;30288071.36612694;0.0;0.0;0.0;0.0;0.0;0.0;0.0;0.0;0.0;0.0;0.0;0.0;0.0;0.0;0.0;0.0;0.0
CSTB;HRS_normal_MDS;France;Individual_dwelling;Surface in m2;E;107751639.0;107751639.0;107751639.0;107751639.0;107751639.0;107751639.0;84111375.91170855;49857190.86175534;3618877.475737743;0.0;0.0;0.0;0.0;0.0;0.0;0.0;0.0;0.0;0.0;0.0;0.0;0.0;0.0;0.0;0.0;0.0;0.0;0.0;0.0;0.0;0.0
CSTB;HRS_normal_MDS;France;Individual_dwelling;Surface in m2;F;32555864.0;32555864.0;32555864.0;28369291.06560975;17414151.109819047;740849.2606839463;0.0;0.0;0.0;0.0;0.0;0.0;0.0;0.0;0.0;0.0;0.0;0.0;0.0;0.0;0.0;0.0;0.0;0.0;0.0;0.0;0.0;0.0;0.0;0.0;0.0
CSTB;HRS_normal_MDS;France;Individual_dwelling;Surface in m2;G;9368295.0406579;6923872.90787386;2729227.7539398996;0.0;0.0;0.0;0.0;0.0;0.0;0.0;0.0;0.0;0.0;0.0;0.0;0.0;0.0;0.0;0.0;0.0;0.0;0.0;0.0;0.0;0.0;0.0;0.0;0.0;0.0;0.0;0.0
CSTB;HRS_normal_MDS;France;Residential_dwelling;Surface in m2;A;138309560.0;138309560.0;138309560.0;139711665.0;139711665.0;139711665.0;162396849.0;162396849.0;162396849.0;218745831.31126925;325171663.97498536;357059900.0;357059900.0;357059900.0;463188526.9127286;642372019.0872704;818007440.3952277;961647331.8250251;1064552590.7300681;1114091735.0;1138294901.745782;1217125417.4812558;1284374970.825314;1334194665.2752998;1369654845.2739005;1393904693.9386678;1409837979.8848493;1419896402.721859;1425997144.5608592;1429552341.2057214;1431542889.9999986
CSTB;HRS_normal_MDS;France;Residential_dwelling;Surface in m2;B;396625749.0;396625749.0;396625749.0;398189263.0;398189263.0;398189263.0;405300495.08829147;405634002.0;405634002.0;405634002.0;407117972.3087404;469364740.0;469364740.0;469364740.0;469364740.0;469364740.0;469364740.0;491132059.19916403;537893433.6841604;618468209.7162733;678742157.9429481;608299095.5187442;541049542.1746857;491229847.7247001;455769667.72609925;431519819.0613322;415586533.1151507;405528110.2781409;399427368.4391408;395872171.79427856;393881623.00000143
CSTB;HRS_normal_MDS;France;Residential_dwelling;Surface in m2;C;1426448787.7942772;1422987543.4391394;1422071844.2781396;1422148207.1151495;1431065052.061331;1448298459.726098;1446945782.6364074;1489415529.1746848;1549648641.5187433;1573501187.2542183;1567255225.0000002;1596217700.585771;1738867892.9758105;1897258662.604772;1853620389.087272;1667420455.9127302;1484768593.6047728;1312344941.9758115;1155661867.585772;1018531506.2837272;927037950.3112706;911634056.0000005;904617615.0000005;897601174.0000005;890584733.0000005;883568292.0000005;876551851.0000005;869535410.0000005;862518969.0000005;855502528.0000005;848486087.0000005
CSTB;HRS_normal_MDS;France;Residential_dwelling;Surface in m2;D;678953344.0;678953344.0;678953344.0;678953344.0;678953344.0;678953344.0;678953344.0;678953344.0;678953344.0;622604361.6887307;514694558.71627426;384580638.4142294;234914005.0241901;69506794.3952286;0.0;0.0;0.0;0.0;0.0;0.0;0.0;0.0;0.0;0.0;0.0;0.0;0.0;0.0;0.0;0.0;0.0
CSTB;HRS_normal_MDS;France;Residential_dwelling;Surface in m2;E;179514563.0;179514563.0;179514563.0;179514563.0;179514563.0;179514563.0;148708713.2753012;98889018.82531548;31639465.481256984;770478.7457819395;0.0;0.0;0.0;0.0;0.0;0.0;0.0;0.0;0.0;0.0;0.0;0.0;0.0;0.0;0.0;0.0;0.0;0.0;0.0;0.0;0.0
CSTB;HRS_normal_MDS;France;Residential_dwelling;Surface in m2;F;51958466.0;51958466.0;51958466.0;44837464.884850696;28904178.938669134;4654330.273902083;0.0;0.0;0.0;0.0;0.0;0.0;0.0;0.0;0.0;0.0;0.0;0.0;0.0;0.0;0.0;0.0;0.0;0.0;0.0;0.0;0.0;0.0;0.0;0.0;0.0
CSTB;HRS_normal_MDS;France;Residential_dwelling;Surface in m2;G;12593360.205722846;9038163.560860626;2937421.7218604763;0.0;0.0;0.0;0.0;0.0;0.0;0.0;0.0;0.0;0.0;0.0;0.0;0.0;0.0;0.0;0.0;0.0;0.0;0.0;0.0;0.0;0.0;0.0;0.0;0.0;0.0;0.0;0.0
CSTB;HRS_rising_HDS;France;Collective_dwelling;Surface in m2;A;61106378.0;61106378.0;61106378.0;61106378.0;61106378.0;61280214.0;61280214.0;61280214.0;61280214.0;61280214.0;64131396.0;64131396.0;64131396.0;64131396.0;64131396.0;73913523.8991;95832674.0;95832674.0;95832674.0;95832674.0;95832674.0;96879536.1191;138067118.19910002;180313328.65910003;223352173.7091;252259435.0;252259435.0;252259435.0;281064693.0891;325825405.8991;370704634.9991
CSTB;HRS_rising_HDS;France;Collective_dwelling;Surface in m2;B;144805010.0;144805010.0;144805010.0;144805010.0;144805010.0;145138203.0;145138203.0;145138203.0;145138203.0;145138203.0;145477046.2991;148443174.0;148443174.0;148443174.0;148443174.0;148443174.0;152845491.3191;182699536.4491;183884983.0;183884983.0;183884983.0;183884983.0;183884983.0;183884983.0;183884983.0;198603054.82909998;242658551.74909997;287027528.5591;274013364.9109;229252652.1009;184373423.0009
CSTB;HRS_rising_HDS;France;Collective_dwelling;Surface in m2;C;392663805.867;389183119.0297;385866792.463;382777841.6201;380002370.6671;377150034.5111;375391215.4321;374425030.9361;374517474.8221;376001659.30109996;376088000.99999994;378645548.12909997;386895161.02909994;398321141.8690999;413279700.4190999;422186786.99999994;418285189.99999994;414383592.99999994;442326962.51909995;474181716.65909994;508283778.62909997;542084298.8809;496995119.80090004;450847312.34090006;403906870.29090005;356379940.17090005;308422846.25090003;260152272.44090003;240459581.0;236557984.0;232656395.0
CSTB;HRS_rising_HDS;France;Collective_dwelling;Surface in m2;D;211497043.0;211497043.0;211497043.0;211497043.0;211497043.0;211497043.0;211497043.0;211497043.0;211497043.0;211497043.0;211497043.0;211497043.0;211497043.0;211497043.0;211497043.0;201714915.1009;175393447.6809;145539402.5509;112508989.48089999;76752638.34089999;38748979.37089999;0.0;0.0;0.0;0.0;0.0;0.0;0.0;0.0;0.0;0.0
CSTB;HRS_rising_HDS;France;Collective_dwelling;Surface in m2;E;71762924.0;71762924.0;71762924.0;71762924.0;71762924.0;71762924.0;71762924.0;71762924.0;71762924.0;71762924.0;68572898.7009;59147626.870900005;46996416.97090001;31668839.130900007;12808683.580900006;7.450580596923828e-09;7.450580596923828e-09;7.450580596923828e-09;7.450580596923828e-09;7.450580596923828e-09;7.450580596923828e-09;7.450580596923828e-09;7.450580596923828e-09;7.450580596923828e-09;7.450580596923828e-09;7.450580596923828e-09;7.450580596923828e-09;7.450580596923828e-09;7.450580596923828e-09;7.450580596923828e-09;7.450580596923828e-09
CSTB;HRS_rising_HDS;France;Collective_dwelling;Surface in m2;F;19402602.0;19402602.0;19402602.0;19402602.0;19402602.0;18445951.4889;16303173.567899998;13367761.063899998;9373720.177899998;3987938.6988999974;0.0;0.0;0.0;0.0;0.0;0.0;0.0;0.0;0.0;0.0;0.0;0.0;0.0;0.0;0.0;0.0;0.0;0.0;0.0;0.0;0.0
CSTB;HRS_rising_HDS;France;Collective_dwelling;Surface in m2;G;3544592.133;3123681.9703;2538411.537;1725765.3799;599639.3329;0.0;0.0;0.0;0.0;0.0;0.0;0.0;0.0;0.0;0.0;0.0;0.0;0.0;0.0;0.0;0.0;0.0;0.0;0.0;0.0;0.0;0.0;0.0;0.0;0.0;0.0
CSTB;HRS_rising_HDS;France;Individual_dwelling;Surface in m2;A;77203182.0;77203182.0;77203182.0;77203182.0;77203182.0;77203182.0;78431451.0;78431451.0;78431451.0;78431451.0;93322908.6175;98265453.0;98265453.0;98265453.0;128122600.9875;177836993.0475;235761240.34750003;261227226.00000003;261227226.00000003;261227226.00000003;261227226.00000003;319549476.9275;410188788.6375;503157767.2775;597871054.4975;693874994.6975;790825573.3875;861832300.0;863572423.2775;962074932.8975;1060838254.9975001
CSTB;HRS_rising_HDS;France;Individual_dwelling;Surface in m2;B;251820739.0;251820739.0;251820739.0;251820739.0;251820739.0;251820739.0;253051060.0;253051060.0;253051060.0;253051060.0;253051060.0;257190828.0;257190828.0;257190828.0;257190828.0;257190828.0;257190828.0;285479757.0;285479757.0;285479757.0;285479757.0;285479757.0;285479757.0;285479757.0;285479757.0;285479757.0;285479757.0;312113467.5275;406774031.7225;308271522.1025;209508200.00250003
CSTB;HRS_rising_HDS;France;Individual_dwelling;Surface in m2;C;1025821216.0298;1016691573.5405;1007923629.9185001;999656059.9065001;992078348.3435001;985447275.2675002;977648265.1735001;974052153.6655;972785709.0875001;974581993.6875001;965430781.0000001;967034243.8475001;983718845.3775;1007393510.1575;1008984982.0;998929065.0;988873148.0;990760518.6975;1053392867.2975;1122024042.1975;1195600747.3975;1156476911.0725;1055781682.3625;952756786.7225;847987582.5024999;741927725.3024999;634921229.6125;527224875.47249997;420768270.99999994;410712353.99999994;400656445.99999994
CSTB;HRS_rising_HDS;France;Individual_dwelling;Surface in m2;D;467456301.0;467456301.0;467456301.0;467456301.0;467456301.0;467456301.0;467456301.0;467456301.0;467456301.0;467456301.0;467456301.0;467456301.0;467456301.0;467456301.0;437599153.0125;387884760.9525;329960513.6525;264262311.3025;191574045.70250002;112886953.80250001;29254331.602500007;0.0;0.0;0.0;0.0;0.0;0.0;0.0;0.0;0.0;0.0
CSTB;HRS_rising_HDS;France;Individual_dwelling;Surface in m2;E;107751639.0;107751639.0;107751639.0;107751639.0;107751639.0;107751639.0;107751639.0;107751639.0;107751639.0;107751639.0;92860181.3825;72118489.1525;45377970.6225;11647388.842500001;0.0;0.0;0.0;0.0;0.0;0.0;0.0;0.0;0.0;0.0;0.0;0.0;0.0;0.0;0.0;0.0;0.0
CSTB;HRS_rising_HDS;France;Individual_dwelling;Surface in m2;F;32555864.0;32555864.0;32555864.0;32555864.0;32555864.0;32555864.0;28006183.8265;21546378.3345;12756905.9125;904704.3125;0.0;0.0;0.0;0.0;0.0;0.0;0.0;0.0;0.0;0.0;0.0;0.0;0.0;0.0;0.0;0.0;0.0;0.0;0.0;0.0;0.0
CSTB;HRS_rising_HDS;France;Individual_dwelling;Surface in m2;G;10071460.9702;9145186.4595;7857213.081499999;6068866.0934999995;3590660.6564999996;165816.73249999946;0.0;0.0;0.0;0.0;0.0;0.0;0.0;0.0;0.0;0.0;0.0;0.0;0.0;0.0;0.0;0.0;0.0;0.0;0.0;0.0;0.0;0.0;0.0;0.0;0.0
CSTB;HRS_rising_HDS;France;Residential_dwelling;Surface in m2;A;138309560.0;138309560.0;138309560.0;138309560.0;138309560.0;138483396.0;139711665.0;139711665.0;139711665.0;139711665.0;157454304.6175;162396849.0;162396849.0;162396849.0;192253996.9875;251750516.94660002;331593914.3475;357059900.0;357059900.0;357059900.0;357059900.0;416429013.0466;548255906.8366001;683471095.9366;821223228.2066;946134429.6975;1043085008.3875;1114091735.0;1144637116.3666;1287900338.7966;1431542889.9966002
CSTB;HRS_rising_HDS;France;Residential_dwelling;Surface in m2;B;396625749.0;396625749.0;396625749.0;396625749.0;396625749.0;396958942.0;398189263.0;398189263.0;398189263.0;398189263.0;398528106.29910004;405634002.0;405634002.0;405634002.0;405634002.0;405634002.0;410036319.3191;468179293.4491;469364740.0;469364740.0;469364740.0;469364740.0;469364740.0;469364740.0;469364740.0;484082811.8291;528138308.74909997;599140996.0866;680787396.6334;537524174.2034;393881623.0034
CSTB;HRS_rising_HDS;France;Residential_dwelling;Surface in m2;C;1418485021.8968;1405874692.5702;1393790422.3815;1382433901.5266001;1372080719.0106;1362597309.7786002;1353039480.6056;1348477184.6016002;1347303183.9096;1350583652.9886;1341518782.0;1345679791.9766002;1370614006.4066;1405714652.0266;1422264682.4190998;1421115852.0;1407158338.0;1405144111.6975;1495719829.8165998;1596205758.8565998;1703884526.0266;1698561209.9534001;1552776802.1634;1403604099.0634;1251894452.7934;1098307665.4733999;943344075.8634;787377147.9133999;661227852.0;647270338.0;633312841.0
CSTB;HRS_rising_HDS;France;Residential_dwelling;Surface in m2;D;678953344.0;678953344.0;678953344.0;678953344.0;678953344.0;678953344.0;678953344.0;678953344.0;678953344.0;678953344.0;678953344.0;678953344.0;678953344.0;678953344.0;649096196.0125;589599676.0534;505353961.3334;409801713.8534;304083035.18340003;189639592.1434;68003310.9734;0.0;0.0;0.0;0.0;0.0;0.0;0.0;0.0;0.0;0.0
CSTB;HRS_rising_HDS;France;Residential_dwelling;Surface in m2;E;179514563.0;179514563.0;179514563.0;179514563.0;179514563.0;179514563.0;179514563.0;179514563.0;179514563.0;179514563.0;161433080.0834;131266116.02340001;92374387.5934;43316227.97340001;12808683.580900006;7.450580596923828e-09;7.450580596923828e-09;7.450580596923828e-09;7.450580596923828e-09;7.450580596923828e-09;7.450580596923828e-09;7.450580596923828e-09;7.450580596923828e-09;7.450580596923828e-09;7.450580596923828e-09;7.450580596923828e-09;7.450580596923828e-09;7.450580596923828e-09;7.450580596923828e-09;7.450580596923828e-09;7.450580596923828e-09
CSTB;HRS_rising_HDS;France;Residential_dwelling;Surface in m2;F;51958466.0;51958466.0;51958466.0;51958466.0;51958466.0;51001815.4889;44309357.3944;34914139.398399994;22130626.090399995;4892643.011399997;0.0;0.0;0.0;0.0;0.0;0.0;0.0;0.0;0.0;0.0;0.0;0.0;0.0;0.0;0.0;0.0;0.0;0.0;0.0;0.0;0.0
CSTB;HRS_rising_HDS;France;Residential_dwelling;Surface in m2;G;13616053.1032;12268868.4298;10395624.6185;7794631.4734;4190299.9893999994;165816.73249999946;0.0;0.0;0.0;0.0;0.0;0.0;0.0;0.0;0.0;0.0;0.0;0.0;0.0;0.0;0.0;0.0;0.0;0.0;0.0;0.0;0.0;0.0;0.0;0.0;0.0
CSTB;HRS_rising_MDS;France;Collective_dwelling;Surface in m2;A;61106378.0;61106378.0;61106378.0;61106378.0;61106378.0;61280214.0;61280214.0;61280214.0;61280214.0;61280214.0;64131396.0;64131396.0;64131396.0;64131396.0;64131396.0;73913523.8991;95832674.0;95832674.0;95832674.0;95832674.0;95832674.0;96879536.1191;138067118.19910002;180313328.65910003;223352173.7091;252259435.0;252259435.0;252259435.0;281064693.0891;325825405.8991;370704634.9991
CSTB;HRS_rising_MDS;France;Collective_dwelling;Surface in m2;B;144805010.0;144805010.0;144805010.0;144805010.0;144805010.0;145138203.0;145138203.0;145138203.0;145138203.0;145138203.0;145477046.2991;148443174.0;148443174.0;148443174.0;148443174.0;148443174.0;152845491.3191;182699536.4491;183884983.0;183884983.0;183884983.0;183884983.0;183884983.0;183884983.0;183884983.0;198603054.82909998;242658551.74909997;287027528.5591;274013364.9109;229252652.1009;184373423.0009
CSTB;HRS_rising_MDS;France;Collective_dwelling;Surface in m2;C;394597282.867;393050073.0297;391667223.463;390511749.6201;389669755.6671;388750896.5111;388925554.4321;389892846.9361;391918767.8221;395336429.30109996;397356247.99999994;401847272.12909997;412030362.02909994;425389819.8690999;442281855.4190999;453122418.99999994;451154298.99999994;449186178.99999994;479063025.51909995;512851256.65909994;548886795.6291;584620792.8809;541465090.8009;497250760.3409;452243795.2909;406650342.1709;360626725.2509;314289628.44089997;296530413.99999994;294562293.99999994;292594173.99999994
CSTB;HRS_rising_MDS;France;Collective_dwelling;Surface in m2;D;211497043.0;211497043.0;211497043.0;211497043.0;211497043.0;211497043.0;211497043.0;211497043.0;211497043.0;211497043.0;211497043.0;211497043.0;211497043.0;211497043.0;211497043.0;201714915.1009;175393447.6809;145539402.5509;112508989.48089999;76752638.34089999;38748979.37089999;0.0;0.0;0.0;0.0;0.0;0.0;0.0;0.0;0.0;0.0
CSTB;HRS_rising_MDS;France;Collective_dwelling;Surface in m2;E;71762924.0;71762924.0;71762924.0;71762924.0;71762924.0;71762924.0;71762924.0;71762924.0;71762924.0;71762924.0;68572898.7009;59147626.870900005;46996416.97090001;31668839.130900007;12808683.580900006;7.450580596923828e-09;7.450580596923828e-09;7.450580596923828e-09;7.450580596923828e-09;7.450580596923828e-09;7.450580596923828e-09;7.450580596923828e-09;7.450580596923828e-09;7.450580596923828e-09;7.450580596923828e-09;7.450580596923828e-09;7.450580596923828e-09;7.450580596923828e-09;7.450580596923828e-09;7.450580596923828e-09;7.450580596923828e-09
CSTB;HRS_rising_MDS;France;Collective_dwelling;Surface in m2;F;19402602.0;19402602.0;19402602.0;19402602.0;19402602.0;18445951.4889;16303173.567899998;13367761.063899998;9373720.177899998;3987938.6988999974;0.0;0.0;0.0;0.0;0.0;0.0;0.0;0.0;0.0;0.0;0.0;0.0;0.0;0.0;0.0;0.0;0.0;0.0;0.0;0.0;0.0
CSTB;HRS_rising_MDS;France;Collective_dwelling;Surface in m2;G;3544592.133;3123681.9703;2538411.537;1725765.3799;599639.3329;0.0;0.0;0.0;0.0;0.0;0.0;0.0;0.0;0.0;0.0;0.0;0.0;0.0;0.0;0.0;0.0;0.0;0.0;0.0;0.0;0.0;0.0;0.0;0.0;0.0;0.0
CSTB;HRS_rising_MDS;France;Individual_dwelling;Surface in m2;A;77203182.0;77203182.0;77203182.0;77203182.0;77203182.0;77203182.0;78431451.0;78431451.0;78431451.0;78431451.0;93322908.6175;98265453.0;98265453.0;98265453.0;128122600.9875;177836993.0475;235761240.34750003;261227226.00000003;261227226.00000003;261227226.00000003;261227226.00000003;319549476.9275;410188788.6375;503157767.2775;597871054.4975;693874994.6975;790825573.3875;861832300.0;863572423.2775;962074932.8975;1060838254.9975001
CSTB;HRS_rising_MDS;France;Individual_dwelling;Surface in m2;B;251820739.0;251820739.0;251820739.0;251820739.0;251820739.0;251820739.0;253051060.0;253051060.0;253051060.0;253051060.0;253051060.0;257190828.0;257190828.0;257190828.0;257190828.0;257190828.0;257190828.0;285479757.0;285479757.0;285479757.0;285479757.0;285479757.0;285479757.0;285479757.0;285479757.0;285479757.0;285479757.0;312113467.5275;406774031.7225;308271522.1025;209508200.00250003
CSTB;HRS_rising_MDS;France;Individual_dwelling;Surface in m2;C;1030828812.0298;1026706765.5405;1022946417.9185001;1019686443.9065001;1017116328.3435001;1015492851.2675002;1012701437.1735001;1014112921.6655;1017854073.0875001;1024657953.6875001;1020514337.0000001;1027125395.8475001;1048817593.3775;1077499854.1575;1084098922.0;1079050601.0;1074002280.0;1080897246.6975;1148537191.2975;1222175962.1975;1300760263.3975;1266644023.0725;1170956390.3625;1072939090.7224998;973177482.5024998;872125221.3024998;770126321.6124997;667437563.4724997;565988554.9999998;560940233.9999998;555891912.9999998
CSTB;HRS_rising_MDS;France;Individual_dwelling;Surface in m2;D;467456301.0;467456301.0;467456301.0;467456301.0;467456301.0;467456301.0;467456301.0;467456301.0;467456301.0;467456301.0;467456301.0;467456301.0;467456301.0;467456301.0;437599153.0125;387884760.9525;329960513.6525;264262311.3025;191574045.70250002;112886953.80250001;29254331.602500007;0.0;0.0;0.0;0.0;0.0;0.0;0.0;0.0;0.0;0.0
CSTB;HRS_rising_MDS;France;Individual_dwelling;Surface in m2;E;107751639.0;107751639.0;107751639.0;107751639.0;107751639.0;107751639.0;107751639.0;107751639.0;107751639.0;107751639.0;92860181.3825;72118489.1525;45377970.6225;11647388.842500001;0.0;0.0;0.0;0.0;0.0;0.0;0.0;0.0;0.0;0.0;0.0;0.0;0.0;0.0;0.0;0.0;0.0
CSTB;HRS_rising_MDS;France;Individual_dwelling;Surface in m2;F;32555864.0;32555864.0;32555864.0;32555864.0;32555864.0;32555864.0;28006183.8265;21546378.3345;12756905.9125;904704.3125;0.0;0.0;0.0;0.0;0.0;0.0;0.0;0.0;0.0;0.0;0.0;0.0;0.0;0.0;0.0;0.0;0.0;0.0;0.0;0.0;0.0
CSTB;HRS_rising_MDS;France;Individual_dwelling;Surface in m2;G;10071460.9702;9145186.4595;7857213.081499999;6068866.0934999995;3590660.6564999996;165816.73249999946;0.0;0.0;0.0;0.0;0.0;0.0;0.0;0.0;0.0;0.0;0.0;0.0;0.0;0.0;0.0;0.0;0.0;0.0;0.0;0.0;0.0;0.0;0.0;0.0;0.0
CSTB;HRS_rising_MDS;France;Residential_dwelling;Surface in m2;A;138309560.0;138309560.0;138309560.0;138309560.0;138309560.0;138483396.0;139711665.0;139711665.0;139711665.0;139711665.0;157454304.6175;162396849.0;162396849.0;162396849.0;192253996.9875;251750516.94660002;331593914.3475;357059900.0;357059900.0;357059900.0;357059900.0;416429013.0466;548255906.8366001;683471095.9366;821223228.2066;946134429.6975;1043085008.3875;1114091735.0;1144637116.3666;1287900338.7966;1431542889.9966002
CSTB;HRS_rising_MDS;France;Residential_dwelling;Surface in m2;B;396625749.0;396625749.0;396625749.0;396625749.0;396625749.0;396958942.0;398189263.0;398189263.0;398189263.0;398189263.0;398528106.29910004;405634002.0;405634002.0;405634002.0;405634002.0;405634002.0;410036319.3191;468179293.4491;469364740.0;469364740.0;469364740.0;469364740.0;469364740.0;469364740.0;469364740.0;484082811.8291;528138308.74909997;599140996.0866;680787396.6334;537524174.2034;393881623.0034
CSTB;HRS_rising_MDS;France;Residential_dwelling;Surface in m2;C;1425426094.8968;1419756838.5702;1414613641.3815;1410198193.5266001;1406786084.0106;1404243747.7786002;1401626991.6056;1404005768.6016002;1409772840.9096;1419994382.9886;1417870585.0;1428972667.9766002;1460847955.4066;1502889674.0266;1526380777.4190998;1532173020.0;1525156579.0;1530083425.6975;1627600216.8165998;1735027218.8565998;1849647059.0266;1851264815.9534001;1712421481.1634;1570189851.0633998;1425421277.7933998;1278775563.4733996;1130753046.8633997;981727191.9133997;862518968.9999998;855502527.9999998;848486086.9999998
CSTB;HRS_rising_MDS;France;Residential_dwelling;Surface in m2;D;678953344.0;678953344.0;678953344.0;678953344.0;678953344.0;678953344.0;678953344.0;678953344.0;678953344.0;678953344.0;678953344.0;678953344.0;678953344.0;678953344.0;649096196.0125;589599676.0534;505353961.3334;409801713.8534;304083035.18340003;189639592.1434;68003310.9734;0.0;0.0;0.0;0.0;0.0;0.0;0.0;0.0;0.0;0.0
CSTB;HRS_rising_MDS;France;Residential_dwelling;Surface in m2;E;179514563.0;179514563.0;179514563.0;179514563.0;179514563.0;179514563.0;179514563.0;179514563.0;179514563.0;179514563.0;161433080.0834;131266116.02340001;92374387.5934;43316227.97340001;12808683.580900006;7.450580596923828e-09;7.450580596923828e-09;7.450580596923828e-09;7.450580596923828e-09;7.450580596923828e-09;7.450580596923828e-09;7.450580596923828e-09;7.450580596923828e-09;7.450580596923828e-09;7.450580596923828e-09;7.450580596923828e-09;7.450580596923828e-09;7.450580596923828e-09;7.450580596923828e-09;7.450580596923828e-09;7.450580596923828e-09
CSTB;HRS_rising_MDS;France;Residential_dwelling;Surface in m2;F;51958466.0;51958466.0;51958466.0;51958466.0;51958466.0;51001815.4889;44309357.3944;34914139.398399994;22130626.090399995;4892643.011399997;0.0;0.0;0.0;0.0;0.0;0.0;0.0;0.0;0.0;0.0;0.0;0.0;0.0;0.0;0.0;0.0;0.0;0.0;0.0;0.0;0.0
CSTB;HRS_rising_MDS;France;Residential_dwelling;Surface in m2;G;13616053.1032;12268868.4298;10395624.6185;7794631.4734;4190299.9893999994;165816.73249999946;0.0;0.0;0.0;0.0;0.0;0.0;0.0;0.0;0.0;0.0;0.0;0.0;0.0;0.0;0.0;0.0;0.0;0.0;0.0;0.0;0.0;0.0;0.0;0.0;0.0
CSTB;MRS_normal_HDS;France;Collective_dwelling;Surface in m2;A;61106378.0;61106378.0;61106378.0;61106378.0;61280214.0;61280214.0;61280214.0;61280214.0;64131396.0;64131396.0;64131396.0;64131396.0;64131396.0;86105062.666937;95832674.0;95832674.0;95832674.0;95832674.0;95832674.0;95832674.0;95832674.0;95832674.0;95832674.0;95832674.0;95832674.0;95832674.0;95832674.0;95832674.0;95832674.0;95832674.0;95832674.0
CSTB;MRS_normal_HDS;France;Collective_dwelling;Surface in m2;B;144805010.0;144805010.0;144805010.0;144805010.0;145138203.0;145138203.0;145138203.0;145138203.0;148358039.0674519;148443174.0;148443174.0;148443174.0;148443174.0;148443174.0;162732901.08235648;183884983.0;183884983.0;183884983.0;183884983.0;183884983.0;183884983.0;183884983.0;183884983.0;183884983.0;183884983.0;183884983.0;183884983.0;183884983.0;183884983.0;183884983.0;183884983.0
CSTB;MRS_normal_HDS;France;Collective_dwelling;Surface in m2;C;392633610.4191374;389218170.25650626;386150821.72552925;383624667.9214565;381394845.70596254;380809304.3032171;381756724.3007896;384667742.0481309;383891194.99999994;391831120.36073405;402791053.4875832;416681938.398005;433246567.1562043;429989980.9999999;426088383.9999999;425537225.9176435;445652967.333063;464370047.8437956;480934676.6019949;494825561.5124166;505785494.6392658;513810554.932548;519105025.9518689;522016043.6992102;522963463.6967827;522377922.2940373;520655129.0785433;518128975.27447057;515061626.74349356;511646186.5808624;508016795.9999998
CSTB;MRS_normal_HDS;France;Collective_dwelling;Surface in m2;D;211497043.0;211497043.0;211497043.0;211497043.0;211497043.0;211497043.0;211497043.0;211497043.0;211497043.0;211497043.0;211497043.0;211497043.0;211497043.0;189523376.333063;165506037.91764352;141003517.0823564;116986178.66693689;94367501.15620428;73901275.39800498;56108793.48758328;41247263.360734075;29320606.067451876;20124538.048130974;13311923.300789613;8462906.303217143;5146850.705962563;2968046.921456523;1592603.7255292628;758355.2565062498;272198.4191374128;0.0
CSTB;MRS_normal_HDS;France;Collective_dwelling;Surface in m2;E;71762924.0;71762924.0;71762924.0;71762924.0;71762924.0;71762924.0;71762924.0;71762924.0;65691905.932548106;53765248.63926591;38903718.512416705;21111236.601994906;645010.843795605;0.0;0.0;0.0;0.0;0.0;0.0;0.0;0.0;0.0;0.0;0.0;0.0;0.0;0.0;0.0;0.0;0.0;0.0
CSTB;MRS_normal_HDS;France;Collective_dwelling;Surface in m2;F;19402602.0;19402602.0;19402602.0;19402602.0;18102737.294037435;14786681.696782855;9937664.699210376;3125049.9518690156;0.0;0.0;0.0;0.0;0.0;0.0;0.0;0.0;0.0;0.0;0.0;0.0;0.0;0.0;0.0;0.0;0.0;0.0;0.0;0.0;0.0;0.0;0.0
CSTB;MRS_normal_HDS;France;Collective_dwelling;Surface in m2;G;3574787.580862586;3088630.743493748;2254382.274470735;878939.0785434749;0.0;0.0;0.0;0.0;0.0;0.0;0.0;0.0;0.0;0.0;0.0;0.0;0.0;0.0;0.0;0.0;0.0;0.0;0.0;0.0;0.0;0.0;0.0;0.0;0.0;0.0;0.0
CSTB;MRS_normal_HDS;France;Individual_dwelling;Surface in m2;A;77203182.0;77203182.0;77203182.0;77203182.0;77203182.0;78431451.0;78431451.0;78431451.0;94304245.86513829;98265453.0;98265453.0;98265453.0;137643697.7395329;183285565.1983359;231749768.11867228;261227226.0;261227226.0;261227226.0;261227226.0;261227226.0;261227226.0;261227226.0;261227226.0;261227226.0;261227226.0;261227226.0;261227226.0;261227226.0;261227226.0;261227226.0;261227226.00000006
CSTB;MRS_normal_HDS;France;Individual_dwelling;Surface in m2;B;251820739.0;251820739.0;251820739.0;251820739.0;251820739.0;253051060.0;253051060.0;253051060.0;253051060.0;257190828.0;257190828.0;257190828.0;257190828.0;257190828.0;257190828.0;277156614.8813281;285479757.0;285479757.0;285479757.0;285479757.0;285479757.0;285479757.0;285479757.0;285479757.0;285479757.0;285479757.0;285479757.0;285479757.0;285479757.0;285479757.0;285479757.0
CSTB;MRS_normal_HDS;France;Individual_dwelling;Surface in m2;C;1025705018.8349078;1016630109.9387127;1008257609.5767009;1000977177.3952026;995317833.6919383;989494742.2260294;989223579.0430317;992914728.342487;985542614.9999998;991452333.7953418;1011385260.6595687;1037232508.23377;1029096815.9999998;1019040898.9999998;1008984981.9999998;998929064.9999998;1029014208.8016642;1064600159.260467;1095842711.7662299;1121689959.3404312;1141622886.204658;1155633580.1348617;1164134261.6575127;1167825410.956968;1167554247.7739704;1164189746.3080616;1158530402.6047974;1151249970.423299;1142877470.0612874;1133802561.1650922;1124295918.0
CSTB;MRS_normal_HDS;France;Individual_dwelling;Surface in m2;D;467456301.0;467456301.0;467456301.0;467456301.0;467456301.0;467456301.0;467456301.0;467456301.0;467456301.0;467456301.0;467456301.0;467456301.0;428078056.2604671;382436188.8016641;333971985.8813277;284528741.1186719;236064538.1983355;190422670.7395326;149124201.2337699;113221036.6595686;83232192.79534179;59165581.86513809;40608983.34248709;26861917.04303179;17077163.22602949;10385747.691938309;5989174.395202629;3213689.576700929;1530272.938712689;549264.8349077471;0.0
CSTB;MRS_normal_HDS;France;Individual_dwelling;Surface in m2;E;107751639.0;107751639.0;107751639.0;107751639.0;107751639.0;107751639.0;107751639.0;107751639.0;91878844.13486171;67812233.20465791;37823389.34043111;1920224.7662298083;0.0;0.0;0.0;0.0;0.0;0.0;0.0;0.0;0.0;0.0;0.0;0.0;0.0;0.0;0.0;0.0;0.0;0.0;0.0
CSTB;MRS_normal_HDS;France;Individual_dwelling;Surface in m2;F;32555864.0;32555864.0;32555864.0;32555864.0;32555864.0;26215623.77397043;16430869.956968108;2683803.657512808;0.0;0.0;0.0;0.0;0.0;0.0;0.0;0.0;0.0;0.0;0.0;0.0;0.0;0.0;0.0;0.0;0.0;0.0;0.0;0.0;0.0;0.0;0.0
CSTB;MRS_normal_HDS;France;Individual_dwelling;Surface in m2;G;10187658.16509219;9206650.061287249;7523233.423299009;4747748.604797299;351175.3080616193;0.0;0.0;0.0;0.0;0.0;0.0;0.0;0.0;0.0;0.0;0.0;0.0;0.0;0.0;0.0;0.0;0.0;0.0;0.0;0.0;0.0;0.0;0.0;0.0;0.0;0.0
CSTB;MRS_normal_HDS;France;Residential_dwelling;Surface in m2;A;138309560.0;138309560.0;138309560.0;138309560.0;138483396.0;139711665.0;139711665.0;139711665.0;158435641.8651383;162396849.0;162396849.0;162396849.0;201775093.7395329;269390627.8652729;327582442.11867225;357059900.0;357059900.0;357059900.0;357059900.0;357059900.0;357059900.0;357059900.0;357059900.0;357059900.0;357059900.0;357059900.0;357059900.0;357059900.0;357059900.0;357059900.0;357059900.00000006
CSTB;MRS_normal_HDS;France;Residential_dwelling;Surface in m2;B;396625749.0;396625749.0;396625749.0;396625749.0;396958942.0;398189263.0;398189263.0;398189263.0;401409099.0674519;405634002.0;405634002.0;405634002.0;405634002.0;405634002.0;419923729.08235645;461041597.8813281;469364740.0;469364740.0;469364740.0;469364740.0;469364740.0;469364740.0;469364740.0;469364740.0;469364740.0;469364740.0;469364740.0;469364740.0;469364740.0;469364740.0;469364740.0
CSTB;MRS_normal_HDS;France;Residential_dwelling;Surface in m2;C;1418338629.2540452;1405848280.195219;1394408431.3022301;1384601845.3166592;1376712679.3979008;1370304046.5292466;1370980303.3438213;1377582470.3906178;1369433809.9999998;1383283454.156076;1414176314.147152;1453914446.631775;1462343383.156204;1449030879.9999995;1435073365.9999995;1424466290.9176433;1474667176.1347272;1528970207.1042626;1576777388.3682246;1616515520.8528478;1647408380.8439238;1669444135.0674098;1683239287.6093817;1689841454.6561782;1690517711.4707532;1686567668.602099;1679185531.6833405;1669378945.6977696;1657939096.804781;1645448747.7459545;1632312713.9999998
CSTB;MRS_normal_HDS;France;Residential_dwelling;Surface in m2;D;678953344.0;678953344.0;678953344.0;678953344.0;678953344.0;678953344.0;678953344.0;678953344.0;678953344.0;678953344.0;678953344.0;678953344.0;639575099.260467;571959565.1347271;499478023.7989712;425532258.2010283;353050716.8652724;284790171.8957369;223025476.63177487;169329830.1471519;124479456.15607587;88486187.93258996;60733521.39061806;40173840.34382141;25540069.529246632;15532598.397900872;8957221.316659153;4806293.302230192;2288628.195218939;821463.2540451599;0.0
CSTB;MRS_normal_HDS;France;Residential_dwelling;Surface in m2;E;179514563.0;179514563.0;179514563.0;179514563.0;179514563.0;179514563.0;179514563.0;179514563.0;157570750.0674098;121577481.84392382;76727107.85284781;23031461.368224714;645010.843795605;0.0;0.0;0.0;0.0;0.0;0.0;0.0;0.0;0.0;0.0;0.0;0.0;0.0;0.0;0.0;0.0;0.0;0.0
CSTB;MRS_normal_HDS;France;Residential_dwelling;Surface in m2;F;51958466.0;51958466.0;51958466.0;51958466.0;50658601.29403743;41002305.47075328;26368534.656178482;5808853.609381824;0.0;0.0;0.0;0.0;0.0;0.0;0.0;0.0;0.0;0.0;0.0;0.0;0.0;0.0;0.0;0.0;0.0;0.0;0.0;0.0;0.0;0.0;0.0
CSTB;MRS_normal_HDS;France;Residential_dwelling;Surface in m2;G;13762445.745954776;12295280.804780997;9777615.697769744;5626687.683340774;351175.3080616193;0.0;0.0;0.0;0.0;0.0;0.0;0.0;0.0;0.0;0.0;0.0;0.0;0.0;0.0;0.0;0.0;0.0;0.0;0.0;0.0;0.0;0.0;0.0;0.0;0.0;0.0
CSTB;MRS_normal_MDS;France;Collective_dwelling;Surface in m2;A;61106378.0;61106378.0;61106378.0;61106378.0;61280214.0;61280214.0;61280214.0;61280214.0;64131396.0;64131396.0;64131396.0;64131396.0;64131396.0;86105062.666937;95832674.0;95832674.0;95832674.0;95832674.0;95832674.0;95832674.0;95832674.0;95832674.0;95832674.0;95832674.0;95832674.0;95832674.0;95832674.0;95832674.0;95832674.0;95832674.0;95832674.0
CSTB;MRS_normal_MDS;France;Collective_dwelling;Surface in m2;B;144805010.0;144805010.0;144805010.0;144805010.0;145138203.0;145138203.0;145138203.0;145138203.0;148358039.0674519;148443174.0;148443174.0;148443174.0;148443174.0;148443174.0;162732901.08235648;183884983.0;183884983.0;183884983.0;183884983.0;183884983.0;183884983.0;183884983.0;183884983.0;183884983.0;183884983.0;183884983.0;183884983.0;183884983.0;183884983.0;183884983.0;183884983.0
CSTB;MRS_normal_MDS;France;Collective_dwelling;Surface in m2;C;394567087.4191374;393085124.25650626;391951252.72552925;391358575.9214565;391062230.70596254;392410166.3032171;395291063.3007896;400135558.0481309;401292487.99999994;411165890.36073405;424059300.4875832;439883662.398005;458381768.1562043;457058658.9999999;455090538.9999999;456472857.9176435;478522076.333063;499172633.8437956;517670739.6019949;533495101.5124166;546388511.6392658;556347048.9325479;563574996.9518688;568419491.6992102;571300388.6967826;572648324.2940372;572859008.0785433;572266331.2744706;571132459.7434936;569650496.5808624;567954574.9999998
CSTB;MRS_normal_MDS;France;Collective_dwelling;Surface in m2;D;211497043.0;211497043.0;211497043.0;211497043.0;211497043.0;211497043.0;211497043.0;211497043.0;211497043.0;211497043.0;211497043.0;211497043.0;211497043.0;189523376.333063;165506037.91764352;141003517.0823564;116986178.66693689;94367501.15620428;73901275.39800498;56108793.48758328;41247263.360734075;29320606.067451876;20124538.048130974;13311923.300789613;8462906.303217143;5146850.705962563;2968046.921456523;1592603.7255292628;758355.2565062498;272198.4191374128;0.0
CSTB;MRS_normal_MDS;France;Collective_dwelling;Surface in m2;E;71762924.0;71762924.0;71762924.0;71762924.0;71762924.0;71762924.0;71762924.0;71762924.0;65691905.932548106;53765248.63926591;38903718.512416705;21111236.601994906;645010.843795605;0.0;0.0;0.0;0.0;0.0;0.0;0.0;0.0;0.0;0.0;0.0;0.0;0.0;0.0;0.0;0.0;0.0;0.0
CSTB;MRS_normal_MDS;France;Collective_dwelling;Surface in m2;F;19402602.0;19402602.0;19402602.0;19402602.0;18102737.294037435;14786681.696782855;9937664.699210376;3125049.9518690156;0.0;0.0;0.0;0.0;0.0;0.0;0.0;0.0;0.0;0.0;0.0;0.0;0.0;0.0;0.0;0.0;0.0;0.0;0.0;0.0;0.0;0.0;0.0
CSTB;MRS_normal_MDS;France;Collective_dwelling;Surface in m2;G;3574787.580862586;3088630.743493748;2254382.274470735;878939.0785434749;0.0;0.0;0.0;0.0;0.0;0.0;0.0;0.0;0.0;0.0;0.0;0.0;0.0;0.0;0.0;0.0;0.0;0.0;0.0;0.0;0.0;0.0;0.0;0.0;0.0;0.0;0.0
CSTB;MRS_normal_MDS;France;Individual_dwelling;Surface in m2;A;77203182.0;77203182.0;77203182.0;77203182.0;77203182.0;78431451.0;78431451.0;78431451.0;94304245.86513829;98265453.0;98265453.0;98265453.0;137643697.7395329;183285565.1983359;231749768.11867228;261227226.0;261227226.0;261227226.0;261227226.0;261227226.0;261227226.0;261227226.0;261227226.0;261227226.0;261227226.0;261227226.0;261227226.0;261227226.0;261227226.0;261227226.0;261227226.00000006
CSTB;MRS_normal_MDS;France;Individual_dwelling;Surface in m2;B;251820739.0;251820739.0;251820739.0;251820739.0;251820739.0;253051060.0;253051060.0;253051060.0;253051060.0;257190828.0;257190828.0;257190828.0;257190828.0;257190828.0;257190828.0;277156614.8813281;285479757.0;285479757.0;285479757.0;285479757.0;285479757.0;285479757.0;285479757.0;285479757.0;285479757.0;285479757.0;285479757.0;285479757.0;285479757.0;285479757.0;285479757.0
CSTB;MRS_normal_MDS;France;Individual_dwelling;Surface in m2;C;1030712614.8349078;1026645301.9387127;1023280397.5767009;1021007561.3952026;1020355813.6919383;1019540318.2260294;1024276751.0430317;1032975496.342487;1030610978.9999998;1041528293.7953418;1066468816.6595687;1097323660.23377;1094195563.9999998;1089147242.9999998;1084098921.9999998;1079050600.9999998;1114143340.8016644;1154736887.2604673;1190987035.76623;1221841879.3404315;1246782402.2046583;1265800692.134862;1279308969.657513;1288007714.9569683;1292744147.7739706;1294387242.3080618;1293735494.6047976;1291462658.4232993;1288097754.0612876;1284030441.1650925;1279531385.0000002
CSTB;MRS_normal_MDS;France;Individual_dwelling;Surface in m2;D;467456301.0;467456301.0;467456301.0;467456301.0;467456301.0;467456301.0;467456301.0;467456301.0;467456301.0;467456301.0;467456301.0;467456301.0;428078056.2604671;382436188.8016641;333971985.8813277;284528741.1186719;236064538.1983355;190422670.7395326;149124201.2337699;113221036.6595686;83232192.79534179;59165581.86513809;40608983.34248709;26861917.04303179;17077163.22602949;10385747.691938309;5989174.395202629;3213689.576700929;1530272.938712689;549264.8349077471;0.0
CSTB;MRS_normal_MDS;France;Individual_dwelling;Surface in m2;E;107751639.0;107751639.0;107751639.0;107751639.0;107751639.0;107751639.0;107751639.0;107751639.0;91878844.13486171;67812233.20465791;37823389.34043111;1920224.7662298083;0.0;0.0;0.0;0.0;0.0;0.0;0.0;0.0;0.0;0.0;0.0;0.0;0.0;0.0;0.0;0.0;0.0;0.0;0.0
CSTB;MRS_normal_MDS;France;Individual_dwelling;Surface in m2;F;32555864.0;32555864.0;32555864.0;32555864.0;32555864.0;26215623.77397043;16430869.956968108;2683803.657512808;0.0;0.0;0.0;0.0;0.0;0.0;0.0;0.0;0.0;0.0;0.0;0.0;0.0;0.0;0.0;0.0;0.0;0.0;0.0;0.0;0.0;0.0;0.0
CSTB;MRS_normal_MDS;France;Individual_dwelling;Surface in m2;G;10187658.16509219;9206650.061287249;7523233.423299009;4747748.604797299;351175.3080616193;0.0;0.0;0.0;0.0;0.0;0.0;0.0;0.0;0.0;0.0;0.0;0.0;0.0;0.0;0.0;0.0;0.0;0.0;0.0;0.0;0.0;0.0;0.0;0.0;0.0;0.0
CSTB;MRS_normal_MDS;France;Residential_dwelling;Surface in m2;A;138309560.0;138309560.0;138309560.0;138309560.0;138483396.0;139711665.0;139711665.0;139711665.0;158435641.8651383;162396849.0;162396849.0;162396849.0;201775093.7395329;269390627.8652729;327582442.11867225;357059900.0;357059900.0;357059900.0;357059900.0;357059900.0;357059900.0;357059900.0;357059900.0;357059900.0;357059900.0;357059900.0;357059900.0;357059900.0;357059900.0;357059900.0;357059900.00000006
CSTB;MRS_normal_MDS;France;Residential_dwelling;Surface in m2;B;396625749.0;396625749.0;396625749.0;396625749.0;396958942.0;398189263.0;398189263.0;398189263.0;401409099.0674519;405634002.0;405634002.0;405634002.0;405634002.0;405634002.0;419923729.08235645;461041597.8813281;469364740.0;469364740.0;469364740.0;469364740.0;469364740.0;469364740.0;469364740.0;469364740.0;469364740.0;469364740.0;469364740.0;469364740.0;469364740.0;469364740.0;469364740.0
CSTB;MRS_normal_MDS;France;Residential_dwelling;Surface in m2;C;1425279702.2540452;1419730426.195219;1415231650.3022301;1412366137.3166592;1411418044.3979008;1411950484.5292466;1419567814.3438213;1433111054.3906178;1431903466.9999998;1452694184.156076;1490528117.147152;1537207322.631775;1552577332.156204;1546205901.9999995;1539189460.9999995;1535523458.9176433;1592665417.1347275;1653909521.1042628;1708657775.368225;1755336980.852848;1793170913.843924;1822147741.06741;1842883966.6093817;1856427206.6561785;1864044536.4707532;1867035566.602099;1866594502.683341;1863728989.6977699;1859230213.8047812;1853680937.745955;1847485960.0
CSTB;MRS_normal_MDS;France;Residential_dwelling;Surface in m2;D;678953344.0;678953344.0;678953344.0;678953344.0;678953344.0;678953344.0;678953344.0;678953344.0;678953344.0;678953344.0;678953344.0;678953344.0;639575099.260467;571959565.1347271;499478023.7989712;425532258.2010283;353050716.8652724;284790171.8957369;223025476.63177487;169329830.1471519;124479456.15607587;88486187.93258996;60733521.39061806;40173840.34382141;25540069.529246632;15532598.397900872;8957221.316659153;4806293.302230192;2288628.195218939;821463.2540451599;0.0
CSTB;MRS_normal_MDS;France;Residential_dwelling;Surface in m2;E;179514563.0;179514563.0;179514563.0;179514563.0;179514563.0;179514563.0;179514563.0;179514563.0;157570750.0674098;121577481.84392382;76727107.85284781;23031461.368224714;645010.843795605;0.0;0.0;0.0;0.0;0.0;0.0;0.0;0.0;0.0;0.0;0.0;0.0;0.0;0.0;0.0;0.0;0.0;0.0
CSTB;MRS_normal_MDS;France;Residential_dwelling;Surface in m2;F;51958466.0;51958466.0;51958466.0;51958466.0;50658601.29403743;41002305.47075328;26368534.656178482;5808853.609381824;0.0;0.0;0.0;0.0;0.0;0.0;0.0;0.0;0.0;0.0;0.0;0.0;0.0;0.0;0.0;0.0;0.0;0.0;0.0;0.0;0.0;0.0;0.0
CSTB;MRS_normal_MDS;France;Residential_dwelling;Surface in m2;G;13762445.745954776;12295280.804780997;9777615.697769744;5626687.683340774;351175.3080616193;0.0;0.0;0.0;0.0;0.0;0.0;0.0;0.0;0.0;0.0;0.0;0.0;0.0;0.0;0.0;0.0;0.0;0.0;0.0;0.0;0.0;0.0;0.0;0.0;0.0;0.0
CSTB;MRS_rising_HDS;France;Collective_dwelling;Surface in m2;A;61106378.0;61106378.0;61106378.0;61106378.0;61106378.0;61106378.0;61106378.0;61280214.0;61280214.0;61280214.0;61280214.0;61280214.0;61280214.0;64131396.0;64131396.0;64131396.0;64131396.0;64131396.0;64131396.0;69677453.4909;86310657.1309;95832674.0;95832674.0;95832674.0;95832674.0;95832674.0;95832674.0;95832674.0;95832674.0;95832674.0;95832674.0009
CSTB;MRS_rising_HDS;France;Collective_dwelling;Surface in m2;B;144805010.0;144805010.0;144805010.0;144805010.0;144805010.0;144805010.0;144805010.0;145109204.1739;145138203.0;145138203.0;145138203.0;145138203.0;145138203.0;146761295.3449;148443174.0;148443174.0;148443174.0;148443174.0;148443174.0;148443174.0;148443174.0;156338752.0009;174365475.1809;183884983.0;183884983.0;183884983.0;183884983.0;183884983.0;183884983.0;183884983.0;183884983.0
CSTB;MRS_rising_HDS;France;Collective_dwelling;Surface in m2;C;392493761.8554;388776386.1814;385130946.6821;381585023.5667;378176302.368;374955852.56769997;371992093.1989;368897219.0;366714709.9949;365170328.1289;364410337.4929;364633934.4849;366050602.9939;364383210.0;367054329.2009;373040137.2009;380658755.3409;389823489.9909;400378437.4809;406580399.0;402678802.0;398777205.0;394875608.0;399944560.2009;414879935.5709;430072001.37090003;445452338.5709;460969877.6909;476586933.1909;492275924.86090004;508016795.9991001
CSTB;MRS_rising_HDS;France;Collective_dwelling;Surface in m2;D;211497043.0;211497043.0;211497043.0;211497043.0;211497043.0;211497043.0;211497043.0;211497043.0;211497043.0;211497043.0;211497043.0;211497043.0;211497043.0;211497043.0;211497043.0;211497043.0;211497043.0;211497043.0;211497043.0;205950985.50910002;189317781.86910003;171900186.99910003;153873463.81910002;135383406.79910004;116546434.42910004;97452771.62910004;78170837.42910004;58751701.30910003;39233048.80910003;19642460.13910003;2.9802322387695312e-08
CSTB;MRS_rising_HDS;France;Collective_dwelling;Surface in m2;E;71762924.0;71762924.0;71762924.0;71762924.0;71762924.0;71762924.0;71762924.0;71762924.0;71762924.0;71762924.0;71762924.0;71762924.0;71762924.0;67288649.6551;59034054.799100004;49146649.799100004;37626434.6591;24560103.009100005;10103558.519100005;0.0;0.0;0.0;0.0;0.0;0.0;0.0;0.0;0.0;0.0;0.0;0.0
CSTB;MRS_rising_HDS;France;Collective_dwelling;Surface in m2;F;19402602.0;19402602.0;19402602.0;19402602.0;19402602.0;19402602.0;19402602.0;18924571.8261;17176485.0051;14819269.871100001;11677663.507100001;7552469.5151;2234204.006100001;0.0;0.0;0.0;0.0;0.0;0.0;0.0;0.0;0.0;0.0;0.0;0.0;0.0;0.0;0.0;0.0;0.0;0.0
CSTB;MRS_rising_HDS;France;Collective_dwelling;Surface in m2;G;3714636.1446;3530414.8186000003;3274257.3179;2918583.4333;2425707.632;1744560.4323000002;806722.8011000003;0.0;0.0;0.0;0.0;0.0;0.0;0.0;0.0;0.0;0.0;0.0;0.0;0.0;0.0;0.0;0.0;0.0;0.0;0.0;0.0;0.0;0.0;0.0;0.0
CSTB;MRS_rising_HDS;France;Individual_dwelling;Surface in m2;A;77203182.0;77203182.0;77203182.0;77203182.0;77203182.0;77203182.0;77203182.0;77203182.0;78431451.0;78431451.0;78431451.0;78431451.0;78431451.0;91082202.2529;98265453.0;98265453.0;98265453.0;98265453.0;118557445.7229;150136555.4729;183700430.9629;218847116.9629;255222953.2429;261227226.0;261227226.0;261227226.0;261227226.0;261227226.0;261227226.0;261227226.0;261227226.0
CSTB;MRS_rising_HDS;France;Individual_dwelling;Surface in m2;B;251820739.0;251820739.0;251820739.0;251820739.0;251820739.0;251820739.0;251820739.0;251820739.0;252110364.3659;253051060.0;253051060.0;253051060.0;253051060.0;253051060.0;257190828.0;257190828.0;257190828.0;257190828.0;257190828.0;257190828.0;257190828.0;257190828.0;257190828.0;285479757.0;285479757.0;285479757.0;285479757.0;285479757.0;285479757.0;285479757.0;285479757.0
CSTB;MRS_rising_HDS;France;Individual_dwelling;Surface in m2;C;1025422820.6556;1015738640.9218999;1006199620.0442;996861411.6853;987800060.8789;979118619.9149001;970955150.4659001;963491715.9389001;955445341.0000001;949205315.0709001;945488795.2879001;943757041.2429001;944432767.1229001;935263030.0000001;930540909.1429001;940436628.4929001;953627169.3129002;969937593.8929002;968761314.0000002;958705397.0000002;948649480.0000002;938593563.0000002;928537646.0000002;921499317.4829003;949454225.6429002;977927105.3129002;1006779894.8329002;1035909541.9029002;1065240001.4929001;1094715619.9329002;1124295917.9829001
CSTB;MRS_rising_HDS;France;Individual_dwelling;Surface in m2;D;467456301.0;467456301.0;467456301.0;467456301.0;467456301.0;467456301.0;467456301.0;467456301.0;467456301.0;467456301.0;467456301.0;467456301.0;467456301.0;467456301.0;467456301.0;467456301.0;467456301.0;467456301.0;447164308.27709997;415585198.52709997;382021323.03709996;346874637.03709996;310498800.7571;273188010.5171;235177185.35709998;196648388.6871;157739682.16709998;118554118.09709999;79167741.50709999;39636206.06709999;0.01709999144077301
CSTB;MRS_rising_HDS;France;Individual_dwelling;Surface in m2;E;107751639.0;107751639.0;107751639.0;107751639.0;107751639.0;107751639.0;107751639.0;107751639.0;107751639.0;107751639.0;107751639.0;107751639.0;107751639.0;95100887.7471;78444072.8571;58492436.50709999;35245978.68709999;8879637.107099995;0.0;0.0;0.0;0.0;0.0;0.0;0.0;0.0;0.0;0.0;0.0;0.0;0.0
CSTB;MRS_rising_HDS;France;Individual_dwelling;Surface in m2;F;32555864.0;32555864.0;32555864.0;32555864.0;32555864.0;32555864.0;32555864.0;32555864.0;31037969.634099998;26281382.9291;19941985.7121;11617822.7571;886179.8770999983;0.0;0.0;0.0;0.0;0.0;0.0;0.0;0.0;0.0;0.0;0.0;0.0;0.0;0.0;0.0;0.0;0.0;0.0
CSTB;MRS_rising_HDS;France;Individual_dwelling;Surface in m2;G;10469856.3444;10098119.0781;9581222.955799999;8863514.314699998;7868948.121099998;6494472.085099998;4602024.534099998;2009542.0610999977;0.0;0.0;0.0;0.0;0.0;0.0;0.0;0.0;0.0;0.0;0.0;0.0;0.0;0.0;0.0;0.0;0.0;0.0;0.0;0.0;0.0;0.0;0.0
CSTB;MRS_rising_HDS;France;Residential_dwelling;Surface in m2;A;138309560.0;138309560.0;138309560.0;138309560.0;138309560.0;138309560.0;138309560.0;138483396.0;139711665.0;139711665.0;139711665.0;139711665.0;139711665.0;155213598.2529;162396849.0;162396849.0;162396849.0;162396849.0;182688841.7229;219814008.9638;270011088.0938;314679790.96290004;351055627.2429;357059900.0;357059900.0;357059900.0;357059900.0;357059900.0;357059900.0;357059900.0;357059900.00090003
CSTB;MRS_rising_HDS;France;Residential_dwelling;Surface in m2;B;396625749.0;396625749.0;396625749.0;396625749.0;396625749.0;396625749.0;396625749.0;396929943.1739;397248567.36590004;398189263.0;398189263.0;398189263.0;398189263.0;399812355.3449;405634002.0;405634002.0;405634002.0;405634002.0;405634002.0;405634002.0;405634002.0;413529580.00090003;431556303.1809;469364740.0;469364740.0;469364740.0;469364740.0;469364740.0;469364740.0;469364740.0;469364740.0
CSTB;MRS_rising_HDS;France;Residential_dwelling;Surface in m2;C;1417916582.511;1404515027.1032999;1391330566.7263;1378446435.2519999;1365976363.2469;1354074472.4826;1342947243.6648002;1332388934.9389;1322160050.9949002;1314375643.1998;1309899132.7808;1308390975.7278001;1310483370.1168;1299646240.0;1297595238.3438;1313476765.6938002;1334285924.6538002;1359761083.8838003;1369139751.4809003;1365285796.0000002;1351328282.0000002;1337370768.0000002;1323413254.0000002;1321443877.6838002;1364334161.2138002;1407999106.6838002;1452232233.4038002;1496879419.5938003;1541826934.6838002;1586991544.7938004;1632312713.9820004
CSTB;MRS_rising_HDS;France;Residential_dwelling;Surface in m2;D;678953344.0;678953344.0;678953344.0;678953344.0;678953344.0;678953344.0;678953344.0;678953344.0;678953344.0;678953344.0;678953344.0;678953344.0;678953344.0;678953344.0;678953344.0;678953344.0;678953344.0;678953344.0;658661351.2771;621536184.0362;571339104.9061999;518774824.0362;464372264.5762;408571417.3162;351723619.78620005;294101160.3162;235910519.59620002;177305819.40620002;118400790.31620002;59278666.20620002;0.017100021243095398
CSTB;MRS_rising_HDS;France;Residential_dwelling;Surface in m2;E;179514563.0;179514563.0;179514563.0;179514563.0;179514563.0;179514563.0;179514563.0;179514563.0;179514563.0;179514563.0;179514563.0;179514563.0;179514563.0;162389537.40219998;137478127.6562;107639086.3062;72872413.34619999;33439740.1162;10103558.519100005;0.0;0.0;0.0;0.0;0.0;0.0;0.0;0.0;0.0;0.0;0.0;0.0
CSTB;MRS_rising_HDS;France;Residential_dwelling;Surface in m2;F;51958466.0;51958466.0;51958466.0;51958466.0;51958466.0;51958466.0;51958466.0;51480435.8261;48214454.6392;41100652.8002;31619649.2192;19170292.2722;3120383.883199999;0.0;0.0;0.0;0.0;0.0;0.0;0.0;0.0;0.0;0.0;0.0;0.0;0.0;0.0;0.0;0.0;0.0;0.0
CSTB;MRS_rising_HDS;France;Residential_dwelling;Surface in m2;G;14184492.489;13628533.8967;12855480.273699999;11782097.747999998;10294655.753099998;8239032.517399998;5408747.335199999;2009542.0610999977;0.0;0.0;0.0;0.0;0.0;0.0;0.0;0.0;0.0;0.0;0.0;0.0;0.0;0.0;0.0;0.0;0.0;0.0;0.0;0.0;0.0;0.0;0.0
CSTB;MRS_rising_MDS;France;Collective_dwelling;Surface in m2;A;61106378.0;61106378.0;61106378.0;61106378.0;61106378.0;61106378.0;61106378.0;61280214.0;61280214.0;61280214.0;61280214.0;61280214.0;61280214.0;64131396.0;64131396.0;64131396.0;64131396.0;64131396.0;64131396.0;69677453.4909;86310657.1309;95832674.0;95832674.0;95832674.0;95832674.0;95832674.0;95832674.0;95832674.0;95832674.0;95832674.0;95832674.0009
CSTB;MRS_rising_MDS;France;Collective_dwelling;Surface in m2;B;144805010.0;144805010.0;144805010.0;144805010.0;144805010.0;144805010.0;144805010.0;145109204.1739;145138203.0;145138203.0;145138203.0;145138203.0;145138203.0;146761295.3449;148443174.0;148443174.0;148443174.0;148443174.0;148443174.0;148443174.0;148443174.0;156338752.0009;174365475.1809;183884983.0;183884983.0;183884983.0;183884983.0;183884983.0;183884983.0;183884983.0;183884983.0
CSTB;MRS_rising_MDS;France;Collective_dwelling;Surface in m2;C;394427238.8554;392643340.1814;390931377.6821;389318931.5667;387843687.368;386556714.56769997;385526432.1989;384365035.0;384116002.9949;384505098.1289;385678584.4929;387835658.4849;391185803.9939;391451888.0;396056484.2009;403975769.2009;413527864.3409;424626075.9909;437114500.4809;445249939.0;443281819.0;441313699.0;439345579.0;446348008.2009;463216860.5709;480342403.37090003;497656217.5709;515107233.6909;532657766.1909;550280234.8609;567954574.9991
CSTB;MRS_rising_MDS;France;Collective_dwelling;Surface in m2;D;211497043.0;211497043.0;211497043.0;211497043.0;211497043.0;211497043.0;211497043.0;211497043.0;211497043.0;211497043.0;211497043.0;211497043.0;211497043.0;211497043.0;211497043.0;211497043.0;211497043.0;211497043.0;211497043.0;205950985.50910002;189317781.86910003;171900186.99910003;153873463.81910002;135383406.79910004;116546434.42910004;97452771.62910004;78170837.42910004;58751701.30910003;39233048.80910003;19642460.13910003;2.9802322387695312e-08
CSTB;MRS_rising_MDS;France;Collective_dwelling;Surface in m2;E;71762924.0;71762924.0;71762924.0;71762924.0;71762924.0;71762924.0;71762924.0;71762924.0;71762924.0;71762924.0;71762924.0;71762924.0;71762924.0;67288649.6551;59034054.799100004;49146649.799100004;37626434.6591;24560103.009100005;10103558.519100005;0.0;0.0;0.0;0.0;0.0;0.0;0.0;0.0;0.0;0.0;0.0;0.0
CSTB;MRS_rising_MDS;France;Collective_dwelling;Surface in m2;F;19402602.0;19402602.0;19402602.0;19402602.0;19402602.0;19402602.0;19402602.0;18924571.8261;17176485.0051;14819269.871100001;11677663.507100001;7552469.5151;2234204.006100001;0.0;0.0;0.0;0.0;0.0;0.0;0.0;0.0;0.0;0.0;0.0;0.0;0.0;0.0;0.0;0.0;0.0;0.0
CSTB;MRS_rising_MDS;France;Collective_dwelling;Surface in m2;G;3714636.1446;3530414.8186000003;3274257.3179;2918583.4333;2425707.632;1744560.4323000002;806722.8011000003;0.0;0.0;0.0;0.0;0.0;0.0;0.0;0.0;0.0;0.0;0.0;0.0;0.0;0.0;0.0;0.0;0.0;0.0;0.0;0.0;0.0;0.0;0.0;0.0
CSTB;MRS_rising_MDS;France;Individual_dwelling;Surface in m2;A;77203182.0;77203182.0;77203182.0;77203182.0;77203182.0;77203182.0;77203182.0;77203182.0;78431451.0;78431451.0;78431451.0;78431451.0;78431451.0;91082202.2529;98265453.0;98265453.0;98265453.0;98265453.0;118557445.7229;150136555.4729;183700430.9629;218847116.9629;255222953.2429;261227226.0;261227226.0;261227226.0;261227226.0;261227226.0;261227226.0;261227226.0;261227226.0
CSTB;MRS_rising_MDS;France;Individual_dwelling;Surface in m2;B;251820739.0;251820739.0;251820739.0;251820739.0;251820739.0;251820739.0;251820739.0;251820739.0;252110364.3659;253051060.0;253051060.0;253051060.0;253051060.0;253051060.0;257190828.0;257190828.0;257190828.0;257190828.0;257190828.0;257190828.0;257190828.0;257190828.0;257190828.0;285479757.0;285479757.0;285479757.0;285479757.0;285479757.0;285479757.0;285479757.0;285479757.0
CSTB;MRS_rising_MDS;France;Individual_dwelling;Surface in m2;C;1030430416.6556;1025753832.9218999;1021222408.0442;1016891795.6853;1012838040.8789;1009164195.9149001;1006008322.4659001;1003552483.9389001;1000513705.0000001;999281275.0709001;1000572351.2879001;1003848193.2429001;1009531515.1229001;1005369374.0000001;1005654849.1429001;1020558164.4929001;1038756301.3129002;1060074321.8929002;1063905638.0000002;1058857317.0000002;1053808996.0000002;1048760675.0000002;1043712354.0000002;1041681621.4829003;1074644125.6429002;1108124601.3129003;1141984986.8329003;1176122229.9029002;1210460285.4929001;1244943499.9329002;1279531384.9829001
CSTB;MRS_rising_MDS;France;Individual_dwelling;Surface in m2;D;467456301.0;467456301.0;467456301.0;467456301.0;467456301.0;467456301.0;467456301.0;467456301.0;467456301.0;467456301.0;467456301.0;467456301.0;467456301.0;467456301.0;467456301.0;467456301.0;467456301.0;467456301.0;447164308.27709997;415585198.52709997;382021323.03709996;346874637.03709996;310498800.7571;273188010.5171;235177185.35709998;196648388.6871;157739682.16709998;118554118.09709999;79167741.50709999;39636206.06709999;0.01709999144077301
CSTB;MRS_rising_MDS;France;Individual_dwelling;Surface in m2;E;107751639.0;107751639.0;107751639.0;107751639.0;107751639.0;107751639.0;107751639.0;107751639.0;107751639.0;107751639.0;107751639.0;107751639.0;107751639.0;95100887.7471;78444072.8571;58492436.50709999;35245978.68709999;8879637.107099995;0.0;0.0;0.0;0.0;0.0;0.0;0.0;0.0;0.0;0.0;0.0;0.0;0.0
CSTB;MRS_rising_MDS;France;Individual_dwelling;Surface in m2;F;32555864.0;32555864.0;32555864.0;32555864.0;32555864.0;32555864.0;32555864.0;32555864.0;31037969.634099998;26281382.9291;19941985.7121;11617822.7571;886179.8770999983;0.0;0.0;0.0;0.0;0.0;0.0;0.0;0.0;0.0;0.0;0.0;0.0;0.0;0.0;0.0;0.0;0.0;0.0
CSTB;MRS_rising_MDS;France;Individual_dwelling;Surface in m2;G;10469856.3444;10098119.0781;9581222.955799999;8863514.314699998;7868948.121099998;6494472.085099998;4602024.534099998;2009542.0610999977;0.0;0.0;0.0;0.0;0.0;0.0;0.0;0.0;0.0;0.0;0.0;0.0;0.0;0.0;0.0;0.0;0.0;0.0;0.0;0.0;0.0;0.0;0.0
CSTB;MRS_rising_MDS;France;Residential_dwelling;Surface in m2;A;138309560.0;138309560.0;138309560.0;138309560.0;138309560.0;138309560.0;138309560.0;138483396.0;139711665.0;139711665.0;139711665.0;139711665.0;139711665.0;155213598.2529;162396849.0;162396849.0;162396849.0;162396849.0;182688841.7229;219814008.9638;270011088.0938;314679790.96290004;351055627.2429;357059900.0;357059900.0;357059900.0;357059900.0;357059900.0;357059900.0;357059900.0;357059900.00090003
CSTB;MRS_rising_MDS;France;Residential_dwelling;Surface in m2;B;396625749.0;396625749.0;396625749.0;396625749.0;396625749.0;396625749.0;396625749.0;396929943.1739;397248567.36590004;398189263.0;398189263.0;398189263.0;398189263.0;399812355.3449;405634002.0;405634002.0;405634002.0;405634002.0;405634002.0;405634002.0;405634002.0;413529580.00090003;431556303.1809;469364740.0;469364740.0;469364740.0;469364740.0;469364740.0;469364740.0;469364740.0;469364740.0
CSTB;MRS_rising_MDS;France;Residential_dwelling;Surface in m2;C;1424857655.511;1418397173.1032999;1412153785.7263;1406210727.2519999;1400681728.2469;1395720910.4826;1391534754.6648002;1387917518.9389;1384629707.9949002;1383786373.1998;1386250935.7808;1391683851.7278001;1400717319.1168;1396821262.0;1401711333.3438;1424533933.6938002;1452284165.6538002;1484700397.8838003;1501020138.4809003;1504107256.0000002;1497090815.0000002;1490074374.0000002;1483057933.0000002;1488029629.6838002;1537860986.2138002;1588467004.6838002;1639641204.4038002;1691229463.5938003;1743118051.6838002;1795223734.7938004;1847485959.982
CSTB;MRS_rising_MDS;France;Residential_dwelling;Surface in m2;D;678953344.0;678953344.0;678953344.0;678953344.0;678953344.0;678953344.0;678953344.0;678953344.0;678953344.0;678953344.0;678953344.0;678953344.0;678953344.0;678953344.0;678953344.0;678953344.0;678953344.0;678953344.0;658661351.2771;621536184.0362;571339104.9061999;518774824.0362;464372264.5762;408571417.3162;351723619.78620005;294101160.3162;235910519.59620002;177305819.40620002;118400790.31620002;59278666.20620002;0.017100021243095398
CSTB;MRS_rising_MDS;France;Residential_dwelling;Surface in m2;E;179514563.0;179514563.0;179514563.0;179514563.0;179514563.0;179514563.0;179514563.0;179514563.0;179514563.0;179514563.0;179514563.0;179514563.0;179514563.0;162389537.40219998;137478127.6562;107639086.3062;72872413.34619999;33439740.1162;10103558.519100005;0.0;0.0;0.0;0.0;0.0;0.0;0.0;0.0;0.0;0.0;0.0;0.0
CSTB;MRS_rising_MDS;France;Residential_dwelling;Surface in m2;F;51958466.0;51958466.0;51958466.0;51958466.0;51958466.0;51958466.0;51958466.0;51480435.8261;48214454.6392;41100652.8002;31619649.2192;19170292.2722;3120383.883199999;0.0;0.0;0.0;0.0;0.0;0.0;0.0;0.0;0.0;0.0;0.0;0.0;0.0;0.0;0.0;0.0;0.0;0.0
CSTB;MRS_rising_MDS;France;Residential_dwelling;Surface in m2;G;14184492.489;13628533.8967;12855480.273699999;11782097.747999998;10294655.753099998;8239032.517399998;5408747.335199999;2009542.0610999977;0.0;0.0;0.0;0.0;0.0;0.0;0.0;0.0;0.0;0.0;0.0;0.0;0.0;0.0;0.0;0.0;0.0;0.0;0.0;0.0;0.0;0.0;0.0
